ID,Imię,Nazwisko,E-mail,Login,Hasło,Timestamp,ID
user1,Jan,Nowak,jannowak@email.com,jnowak,Nowak58,2016-09-11 03:34:15,1
user2,Jan,Kwitek,jankwitek@email.com,jkwitek,Kwitek93,2014-05-31 14:17:16,2
user3,Jan,Szarama,janszarama@email.com,jszarama,Szarama52,2016-07-27 04:35:40,3
user4,Jan,Skorupa,janskorupa@email.com,jskorupa,Skorupa63,2016-12-17 02:28:06,4
user5,Jan,Janik,janjanik@email.com,jjanik,Janik36,2017-09-10 08:22:41,5
user6,Jan,Adamczyk,janadamczyk@email.com,jadamczyk,Adamczyk40,2016-05-02 21:06:50,6
user7,Jan,Wolak,janwolak@email.com,jwolak,Wolak23,2016-01-22 03:01:36,7
user8,Jan,Lipiec,janlipiec@email.com,jlipiec,Lipiec74,2014-03-19 13:35:59,8
user9,Jan,Witek,janwitek@email.com,jwitek,Witek61,2016-09-10 00:46:04,9
user10,Jan,Osuch,janosuch@email.com,josuch,Osuch59,2015-02-09 18:06:21,10
user11,Dariusz,Roszak,dariuszroszak@email.com,droszak,Roszak9,2017-06-20 08:10:56,11
user12,Dariusz,Cebula,dariuszcebula@email.com,dcebula,Cebula24,2014-12-20 23:20:09,12
user13,Dariusz,Rębek,dariuszrębek@email.com,drębek,Rębek29,2014-09-19 22:01:25,13
user14,Dariusz,Deptuła,dariuszdeptuła@email.com,ddeptuła,Deptuła87,2017-02-12 10:38:41,14
user15,Dariusz,Wrona,dariuszwrona@email.com,dwrona,Wrona4,2016-08-11 08:21:14,15
user16,Dariusz,Sławiak,dariuszsławiak@email.com,dsławiak,Sławiak32,2015-08-08 17:39:25,16
user17,Dariusz,Hibner,dariuszhibner@email.com,dhibner,Hibner15,2015-12-07 09:12:39,17
user18,Dariusz,Sikora,dariuszsikora@email.com,dsikora,Sikora25,2014-03-07 07:13:47,18
user19,Dariusz,Jaros,dariuszjaros@email.com,djaros,Jaros95,2014-07-20 10:21:23,19
user20,Dariusz,Buła,dariuszbuła@email.com,dbuła,Buła48,2016-10-22 20:38:21,20
user21,Paweł,Nowak,pawełnowak@email.com,pnowak,Nowak14,2014-02-19 04:42:12,21
user22,Paweł,Kwitek,pawełkwitek@email.com,pkwitek,Kwitek25,2014-05-02 17:35:44,22
user23,Paweł,Szarama,pawełszarama@email.com,pszarama,Szarama41,2015-03-25 06:06:17,23
user24,Paweł,Skorupa,pawełskorupa@email.com,pskorupa,Skorupa86,2014-09-03 00:18:45,24
user25,Paweł,Janik,pawełjanik@email.com,pjanik,Janik9,2014-12-06 13:59:08,25
user26,Paweł,Adamczyk,paweładamczyk@email.com,padamczyk,Adamczyk1,2015-04-25 11:35:49,26
user27,Paweł,Wolak,pawełwolak@email.com,pwolak,Wolak7,2015-08-26 14:29:49,27
user28,Paweł,Lipiec,pawełlipiec@email.com,plipiec,Lipiec41,2018-02-14 20:49:09,28
user29,Paweł,Witek,pawełwitek@email.com,pwitek,Witek87,2016-09-25 22:13:42,29
user30,Paweł,Osuch,pawełosuch@email.com,posuch,Osuch51,2016-01-24 16:01:51,30
user31,Aleksander      ,Roszak,Aleksander.roszak@email.com,aroszak,Roszak33,2016-02-13 23:17:56,31
user32,Aleksander      ,Cebula,Aleksander.cebula@email.com,acebula,Cebula39,2015-03-21 19:50:05,32
user33,Aleksander      ,Rębek,Aleksander.rębek@email.com,arębek,Rębek53,2017-06-29 10:27:38,33
user34,Aleksander      ,Deptuła,Aleksander.deptuła@email.com,adeptuła,Deptuła62,2017-08-02 05:22:07,34
user35,Aleksander      ,Wrona,Aleksander.wrona@email.com,awrona,Wrona94,2014-03-31 08:12:23,35
user36,Aleksander      ,Sławiak,Aleksander.sławiak@email.com,asławiak,Sławiak37,2015-03-25 04:03:08,36
user37,Aleksander      ,Hibner,Aleksander.hibner@email.com,ahibner,Hibner21,2017-12-20 20:03:40,37
user38,Aleksander      ,Sikora,Aleksander.sikora@email.com,asikora,Sikora56,2016-07-14 09:07:22,38
user39,Aleksander      ,Jaros,Aleksander.jaros@email.com,ajaros,Jaros14,2016-09-29 05:39:20,39
user40,Aleksander      ,Buła,Aleksander.buła@email.com,abuła,Buła24,2016-10-14 03:49:16,40
user41,Zbigniew,Nowak,zbigniewnowak@email.com,znowak,Nowak70,2017-10-11 20:25:43,41
user42,Zbigniew,Kwitek,zbigniewkwitek@email.com,zkwitek,Kwitek47,2015-09-23 09:47:02,42
user43,Zbigniew,Szarama,zbigniewszarama@email.com,zszarama,Szarama18,2014-02-02 03:14:51,43
user44,Zbigniew,Skorupa,zbigniewskorupa@email.com,zskorupa,Skorupa12,2014-06-15 10:18:32,44
user45,Zbigniew,Janik,zbigniewjanik@email.com,zjanik,Janik66,2015-12-30 06:17:51,45
user46,Zbigniew,Adamczyk,zbigniewadamczyk@email.com,zadamczyk,Adamczyk77,2017-09-24 22:14:53,46
user47,Zbigniew,Wolak,zbigniewwolak@email.com,zwolak,Wolak65,2016-05-31 15:51:11,47
user48,Zbigniew,Lipiec,zbigniewlipiec@email.com,zlipiec,Lipiec64,2016-08-19 07:35:43,48
user49,Zbigniew,Witek,zbigniewwitek@email.com,zwitek,Witek100,2017-06-04 23:49:20,49
user50,Zbigniew,Osuch,zbigniewosuch@email.com,zosuch,Osuch98,2014-10-16 07:45:08,50
user51,Bożena,Roszak,bożenaroszak@email.com,broszak,Roszak5,2014-10-18 05:41:13,51
user52,Bożena,Cebula,bożenacebula@email.com,bcebula,Cebula50,2017-04-02 08:11:05,52
user53,Bożena,Rębek,bożenarębek@email.com,brębek,Rębek15,2015-02-11 19:33:18,53
user54,Bożena,Deptuła,bożenadeptuła@email.com,bdeptuła,Deptuła17,2016-07-28 06:08:07,54
user55,Bożena,Wrona,bożenawrona@email.com,bwrona,Wrona26,2016-01-05 03:15:18,55
user56,Bożena,Sławiak,bożenasławiak@email.com,bsławiak,Sławiak22,2017-03-03 11:15:32,56
user57,Bożena,Hibner,bożenahibner@email.com,bhibner,Hibner11,2014-03-16 18:14:06,57
user58,Bożena,Sikora,bożenasikora@email.com,bsikora,Sikora63,2015-01-09 17:12:34,58
user59,Bożena,Jaros,bożenajaros@email.com,bjaros,Jaros78,2016-04-03 11:06:39,59
user60,Bożena,Buła,bożenabuła@email.com,bbuła,Buła28,2014-03-28 01:01:22,60
user61,Maria,Nowak,marianowak@email.com,mnowak,Nowak88,2018-03-08 06:46:27,61
user62,Maria,Kwitek,mariakwitek@email.com,mkwitek,Kwitek81,2016-05-28 04:31:28,62
user63,Maria,Szarama,mariaszarama@email.com,mszarama,Szarama17,2014-06-06 19:00:13,63
user64,Maria,Skorupa,mariaskorupa@email.com,mskorupa,Skorupa32,2017-01-26 04:17:30,64
user65,Maria,Janik,mariajanik@email.com,mjanik,Janik69,2015-06-17 08:35:31,65
user66,Maria,Adamczyk,mariaadamczyk@email.com,madamczyk,Adamczyk17,2017-05-18 16:28:12,66
user67,Maria,Wolak,mariawolak@email.com,mwolak,Wolak4,2015-01-13 13:13:20,67
user68,Maria,Lipiec,marialipiec@email.com,mlipiec,Lipiec6,2016-08-07 09:06:11,68
user69,Maria,Witek,mariawitek@email.com,mwitek,Witek21,2017-10-26 01:26:07,69
user70,Maria,Osuch,mariaosuch@email.com,mosuch,Osuch17,2017-12-30 04:55:33,70
user71,Elżbieta,Roszak,elżbietaroszak@email.com,eroszak,Roszak85,2016-08-01 17:29:27,71
user72,Elżbieta,Cebula,elżbietacebula@email.com,ecebula,Cebula68,2015-05-26 14:39:18,72
user73,Elżbieta,Rębek,elżbietarębek@email.com,erębek,Rębek46,2016-05-20 09:24:38,73
user74,Elżbieta,Deptuła,elżbietadeptuła@email.com,edeptuła,Deptuła77,2014-03-12 14:05:03,74
user75,Elżbieta,Wrona,elżbietawrona@email.com,ewrona,Wrona72,2014-06-16 07:50:08,75
user76,Elżbieta,Sławiak,elżbietasławiak@email.com,esławiak,Sławiak67,2015-04-14 03:01:41,76
user77,Elżbieta,Hibner,elżbietahibner@email.com,ehibner,Hibner90,2018-02-21 02:55:32,77
user78,Elżbieta,Sikora,elżbietasikora@email.com,esikora,Sikora36,2015-06-06 12:30:41,78
user79,Elżbieta,Jaros,elżbietajaros@email.com,ejaros,Jaros50,2016-02-25 18:52:25,79
user80,Elżbieta,Buła,elżbietabuła@email.com,ebuła,Buła79,2015-11-09 11:50:13,80
user81,Anna,Nowak,annanowak@email.com,anowak,Nowak59,2014-03-02 11:34:20,81
user82,Anna,Kwitek,annakwitek@email.com,akwitek,Kwitek50,2014-04-15 10:55:48,82
user83,Anna,Szarama,annaszarama@email.com,aszarama,Szarama48,2014-04-25 05:53:10,83
user84,Anna,Skorupa,annaskorupa@email.com,askorupa,Skorupa14,2017-04-26 07:58:32,84
user85,Anna,Janik,annajanik@email.com,ajanik,Janik39,2017-10-20 13:59:11,85
user86,Anna,Adamczyk,annaadamczyk@email.com,aadamczyk,Adamczyk13,2015-06-07 07:33:56,86
user87,Anna,Wolak,annawolak@email.com,awolak,Wolak53,2017-01-27 06:04:19,87
user88,Anna,Lipiec,annalipiec@email.com,alipiec,Lipiec54,2016-08-10 19:12:41,88
user89,Anna,Witek,annawitek@email.com,awitek,Witek67,2016-08-30 19:19:19,89
user90,Anna,Osuch,annaosuch@email.com,aosuch,Osuch90,2015-06-22 18:21:41,90
user91,Ewa,Roszak,ewaroszak@email.com,eroszak,Roszak16,2016-04-12 10:34:54,91
user92,Ewa,Cebula,ewacebula@email.com,ecebula,Cebula71,2016-03-24 23:09:12,92
user93,Ewa,Rębek,ewarębek@email.com,erębek,Rębek97,2015-11-20 13:13:38,93
user94,Ewa,Deptuła,ewadeptuła@email.com,edeptuła,Deptuła45,2016-10-12 12:45:34,94
user95,Ewa,Wrona,ewawrona@email.com,ewrona,Wrona53,2014-02-23 21:57:47,95
user96,Ewa,Sławiak,ewasławiak@email.com,esławiak,Sławiak40,2016-09-01 06:31:43,96
user97,Ewa,Hibner,ewahibner@email.com,ehibner,Hibner67,2016-10-29 12:26:42,97
user98,Ewa,Sikora,ewasikora@email.com,esikora,Sikora28,2016-04-18 09:34:53,98
user99,Ewa,Jaros,ewajaros@email.com,ejaros,Jaros73,2014-05-30 06:35:56,99
user100,Ewa,Buła,ewabuła@email.com,ebuła,Buła29,2015-08-14 17:51:20,100
